title,author,advisor,year,university,state,pages,subfield,is_sensitive,keywords_raw
Examining Spatial Arbitrage: Effect of Electronic Commerce and Arbitrageur Strategies,"Subramanian, Hemang C.","Overby, Eric",2015,Georgia Institute of Technology,Georgia,123,Economics,FALSE,Behavior; Efficient markets; Product quality; Arbitrage; Purchasing; Exploitation; Costs; Webcasting; Profits; Behavioral economics; Information systems; Prices; Supply & demand; Electronic commerce; Energy economics; Specialization; Crude oil; Vehicles; Behavioral psychology; Economics; Finance; Information technology; Transportation; 0501:Economics; 0489:Information Technology; 0709:Transportation; 0508:Finance; 0384:Behavioral psychology
Portfolio Choice with Life Annuities Under Probability Distortion,"Zheng, Wenyuan","Hartman, Brian M.",2015,University of Connecticut,Connecticut,103,Systems science,FALSE,Behavior; Stock prices; Partial differential equations; Dynamic programming; Investments; Defined benefit plans; Investment policy; Mortality; Policyholders; Retirees; Securities markets; Decision making; Retirement planning; Defined contribution plans; Annuities; Endowment; Behavioral economics; Probability; Stochastic models; Utility functions; Asset allocation; Cost control; Stochastic control theory; Insurance industry; Behavioral psychology; Economics; Finance; Gerontology; Systems science; 0790:Systems science; 0501:Economics; 0351:Gerontology; 0508:Finance; 0384:Behavioral psychology
Economics as an Experimental Science: Using Field Experiments to Test Models of Economic Behavior,"Kerwin, Jason Theodore","Thornton, Rebecca L.; Smith, Jeffrey A.",2015,University of Michigan,Michigan,223,Economic Theory,FALSE,Mechanism experiments; Labor economics; Health economics; Development economics; Economist; Economic theory; Economics; 0511:Economic theory; 0510:Labor economics; 0501:Economics
Examining the Role of Personal Problems In Determining Income,"Greene, Sara Elizabeth","Jackson, John D.; Stern, Michael L.; Beard, Thomas R.; Thompson, Henry S.",2015,Auburn University,Alabama,139,Individual & family studies,TRUE,Hiring; Drug abuse; Divorce; Employment; Families & family life; Supply & demand; Production functions; Business growth; Wages & salaries; Labor economics; Marriage; Leisure; Elasticity of demand; Alcohol use; Drug use; Consumption; Children & youth; Profit maximization; Utility functions; Demand curves; Specialization; Real income; Economics; Individual & family studies; Labor relations; Recreation; 0628:Individual & family studies; 0510:Labor economics; 0501:Economics; 0629:Labor relations; 0814:Recreation
A Market-Based Approach for Valuing Ecosystem Services on Coastal Properties,"Savolainen, Michelle A.","Kazmierczak, Richard F.",2015,Louisiana State University and Agricultural & Mechanical College,Louisiana,86,Environmental Health,FALSE,Environmental economics; Environmental protection; Floods; Economics; Environmental health; Medicine; 0470:Environmental Health; 0501:Economics; 0438:Environmental economics; 0564:Medicine
Essays in Public and Labor Economics,"Panier, Frédéric","Hoxby, Caroline; Moser, Petra; Pérez-González, Francisco",2015,Stanford University,California,193,Sociology,TRUE,Public economics; New York Stock Exchange; Ethnic discrimination; Ethnic networks; Sociology; Labor economics; Finance; Ethnic studies; 0626:Sociology; 0510:Labor economics; 0508:Finance; 0631:Ethnic studies
Essays in Development Economics: Lessons from an Apprentice Placement Program in Ghana,"McCasland, Jamie Lee","Miguel, Edward A.",2015,"University of California, Berkeley",California,111,Economics,FALSE,Social sciences; Apprentice placement program; Development economics; Essays; Ghana; African studies; Economics; 0501:Economics; 0293:African Studies
Essays in Behavioral Health Economics,"Mori Madeira, Tarso","Della Vigna, Stefano",2015,"University of California, Berkeley",California,83,Economics,FALSE,Social sciences; Behavioral economics; Health economics; Economics; 0501:Economics
Switching to switchgrass: Pathways and consequences of bioenergy switchgrass entering the Midwestern landscape,"Krohn, Brian","Polasky, Steve",2015,University of Minnesota,Minnesota,128,Agricultural Economics,FALSE,Social sciences; Applied sciences; Bioenergy; Ecosystem service payments; Marginal land; Switchgrass; Energy; Environmental economics; Agricultural economics; 0503:Agricultural economics; 0791:Energy; 0438:Environmental economics
"Essays on Health, Health Care Utilization, and Public Insurance","Bersak, Timothy Andrew","Wilson, Paul W.",2015,Clemson University,South Carolina,76,Economic Theory,FALSE,Social sciences; Health; Public insurance; Utilization; Labor economics; Economic theory; Economics; 0511:Economic theory; 0510:Labor economics; 0501:Economics
Three essays in regional economics,"Wang, Hongbo","Rickman, Dan S.",2015,Oklahoma State University,Oklahoma,141,Economics,FALSE,Social sciences; Difference-in-differences; Regional economics; Economics; 0501:Economics
Statistical Analyses of Diverse Issues in Sustainable Agriculture,"Marticorena, Drew Chandler William","Creamer, Nancy",2015,North Carolina State University,North Carolina,265,Agriculture,FALSE,Social sciences; Biological sciences; Agricultural economics; Agronomy; Big data; Farmland loss; Organic farming; Statistics; Sustainable agriculture; Agriculture; Sustainability; Economics; Pesticides; Economic factors; Agricultural land; Statistical analysis; Local communities; Databases; Biota; Farming systems; 0473:Agriculture; 0503:Agricultural economics; 0640:Sustainability; 0285:Agronomy
Quantifying the Welfare Effects of Adaptation to Climate Change and Biodiversity Loss in Coastal Environments,"Dundas, Steven John","Haefen, Roger H. von",2015,North Carolina State University,North Carolina,201,Economic Theory,FALSE,Social sciences; Earth sciences; Adaptation; Biodiversity; Coastal economics; Dunes; Environmental policy; Environmental economics; Economic theory; Climate change; Economics; 0511:Economic theory; 0501:Economics; 0404:Climate Change; 0438:Environmental economics
Three Essays on Environmental Issues in Brazil,"Hales, Essence","Haab, Timothy",2015,The Ohio State University,Ohio,124,Agricultural Economics,FALSE,Social sciences; Agricultural economics; Applied economics; Biofuel crops; Brazil; Deforestation; Development economics; Environmental economics; Land use change; Taxation; 0503:Agricultural economics; 0438:Environmental economics
Essays on job-related risks and worker sorting,"Wicaksono, Teguh Yudo","Bollinger, Christopher",2015,University of Kentucky,Kentucky,150,Labor Economics,FALSE,Social sciences; Health insurance; Worker sorting; Labor economics; Economics; 0510:Labor economics; 0501:Economics
Essays on behavioral economics: Wedding gift exchange and asset pricing under risk,"Ju, Shijun","Rawski, Thomas",2015,University of Pittsburgh,Pennsylvania,85,Economics,FALSE,Social sciences; Asset pricing; Bankruptcy risk; Behavioral economics; Experimental economics; Gift exchange; Economics; 0501:Economics
Essays on the Economics of Powdery Mildew in the California Grape Industry,"Sambucci, Olena","Lybbert, Travis J.",2015,"University of California, Davis",California,289,Agricultural Economics,FALSE,Social sciences; Behavioral economics; Disease forecasting; Pesticide use; Powdery mildew; Risk management; Environmental economics; Agricultural economics; Economics; 0503:Agricultural economics; 0501:Economics; 0438:Environmental economics
Estimation and adaptive management of dynamic disease and non-native species risk,"MacLachlan, Matthew","Springborn, Michael R.",2015,"University of California, Davis",California,141,Agricultural Economics,FALSE,Social sciences; Adaptive management; Disease; Economics; Non-native species; Risk; Environmental economics; Agricultural economics; 0503:Agricultural economics; 0501:Economics; 0438:Environmental economics
Three Essays on the Development of the Labor Market and the Private Sector in Burma (Myanmar),"Wah, Saw Htay","Kapteyn, Arie",2015,The Pardee RAND Graduate School,California,157,Public policy,TRUE,Social sciences; Development; Labor Economics; Migration; Racial Discrimination; SME; Vignette; Public policy; Labor economics; Economics; 0630:Public policy; 0510:Labor economics; 0501:Economics
Allocative efficiency and optimal management of groundwater in Pakistan's agricultural sector,"Nasim, Sanval","Dinar, Ariel; Helfand, Steven M.",2015,"University of California, Riverside",California,256,Economics,FALSE,Social sciences; Health and environmental sciences; Allocative efficiency; Groundwater; Indus Basin; Optimal management; Pakistan; Sharecropping; Water economics; Natural resource management; Environmental economics; Economics; Water resources; Groundwater depletion; Agricultural industry; Households; Water supply; Resource management; Water governance; Water conservation; Farms; Surface water; 0501:Economics; 0438:Environmental economics; 0528:Natural Resource Management
Toward Efficient Land-Use Decisions: Impact of Economic Incentives on Ecosystem Services,"Jung, Suhyun","Polasky, Stephen",2015,University of Minnesota,Minnesota,131,Agricultural Economics,FALSE,Social sciences; Conservation; Ecosystem services; Impact evaluation; Land use; Production cost; Valuation; Environmental economics; Agricultural economics; Economics; 0503:Agricultural economics; 0501:Economics; 0438:Environmental economics
Resilience of Montana's agroecosystems to economic and climatic change,"Lawrence, Patrick Glenn","Maxwell, Bruce D.; Rew, Lisa J.",2015,Montana State University,Montana,210,Agricultural Economics,FALSE,Social sciences; Health and environmental sciences; Earth sciences; Agroecology; Climate change; Economics; Precision agriculture; Resilience; Environmental science; Agricultural economics; 0503:Agricultural economics; 0404:Climate Change; 0768:Environmental science
Three Essays on the Economics of Agricultural and Energy Policy,"Shultz, Christopher","D'Souza, Gerard",2015,West Virginia University,West Virginia,102,Agricultural Economics,FALSE,Social sciences; Health and environmental sciences; Agricultural productivity; Campaign finance; Hedonic regression; Land values; Spatial heterogeneity; Wind energy; Public policy; Natural resource management; Agricultural economics; Economics; Wind power; Agricultural industry; Agricultural land; Heterogeneity; Land appraisals; Energy policy; Turbines; Land use; Agricultural policy; Agriculture; Energy sources; Agricultural production; Water availability; Farms; 0503:Agricultural economics; 0630:Public policy; 0528:Natural Resource Management
Essays in health economics and political economy,"Incerti, Devin","Londregan, John; Vogl, Tom",2015,Princeton University,New Jersey,183,Public policy,FALSE,Social sciences; Bayesian forecasting; Health economics; Health expenditures; Health policy; U.S. House; Political science; Public policy; Economics; 0630:Public policy; 0501:Economics; 0615:Political science
Competition and selection in health insurance markets,"Pelech, Daria Margaret","Cutler, David; McGuire, Thomas; McWilliams, John Michael M.",2015,Harvard University,Massachusetts,157,Public health,FALSE,Social sciences; Health and environmental sciences; Health economics; Health insurance; Public health; Economics; 0573:Public health; 0501:Economics
Three field experiments on incentives for health workers,"Lee, Scott Sang-Hyun","Ashraf, Nava; Farmer, Paul E.; Kremer, Michael R.; Weiss, Andrew",2015,Harvard University,Massachusetts,188,Health care management,FALSE,Social sciences; Health and environmental sciences; Behavioral economics; Development economics; Field experiments; Health care delivery; Health workers; Incentives; Health care management; Economics; 0769:Health care management; 0501:Economics
"Land, labor and technology: Essays in development economics","Fernando, Asanga Nilesh","Khwaja, Asim I.; Katz, Lawrence F.; Cole, Shawn A.; Hornbeck, Richard",2015,Harvard University,Massachusetts,183,Agricultural Economics,FALSE,Social sciences; Applied econometrics; Culture; Development economics; Labor mobility; Land markets; Technology; Labor economics; Agricultural economics; Economics; 0503:Agricultural economics; 0510:Labor economics; 0501:Economics
Essays in state-level climate change policies,"Lee, Gi-Eu","Loveridge, Scott T.",2015,Michigan State University,Michigan,143,Agricultural Economics,FALSE,Social sciences; Earth sciences; Biorefinery; Climate change; Greenhouse gas emission; Local acceptance; Local foods; Public opinions; Environmental economics; Agricultural economics; 0503:Agricultural economics; 0404:Climate Change; 0438:Environmental economics
Cost-effective conservation programs to enhance ecosystem services in agricultural landscapes,"Palm-Forster, Leah Harris","Swinton, Scott M.",2015,Michigan State University,Michigan,228,Agricultural Economics,FALSE,Social sciences; Agri-environmental policy; Benefit transfer; Experimental economics; Harmful algal blooms; Lake Erie; Reverse auctions; Environmental economics; Agricultural economics; Economics; 0503:Agricultural economics; 0501:Economics; 0438:Environmental economics
The agriculture-urbanization nexus in economics: Three empirical studies,"Li, Xiaofei","Florax, Raymond J.G.M.; Waldorf, Brigitte S.",2015,Purdue University,Indiana,193,Agricultural Economics,FALSE,Social sciences; Agriculture; Applied studies; Spatial economics; Urbanization; Agricultural economics; Economics; 0503:Agricultural economics; 0501:Economics
Organizational Innovation in Health Care,"Haque, Rezwan","Cutler, David; Huckman, Robert S.; Hart, Oliver",2015,Harvard University,Massachusetts,137,Business administration,FALSE,Social sciences; Health and environmental sciences; Health economics; Organizational economics; Economics; Innovations; Technology adoption; Health care policy; Mortality; Employment; Business administration; Health care management; Medical records; Technological change; Trends; Discriminant analysis; Heart failure; Productivity; Operations management; Health care industry; Seminars; Medicare; Clinical outcomes; Hospitalists; Electronic health records; Conferences; Pneumonia; Length of stay; Research design; Hospitals; Complex patients; 0310:Business administration; 0769:Health care management; 0501:Economics; 62211:General Medical and Surgical Hospitals
Essays in Trade and Labor Economics,"Cai, Daolu","Kehoe, Timothy J.",2015,University of Minnesota,Minnesota,88,Labor Economics,FALSE,Social sciences; Labor economics; Trade economics; Economics; 0510:Labor economics; 0501:Economics
Essays in the Political Economy of Conflict and Development,"Acevedo, Maria Cecilia","Pande, Rohini; Robinson, James; Abadie, Alberto",2015,Harvard University,Massachusetts,121,Agricultural Economics,FALSE,Social sciences; Climate; Cocaine; Colombia; Conflict; Economic development; Gmm; Institutions; Instrumental variables; Labor markets; Plan colombia; Labor economics; Agricultural economics; Economics; 0503:Agricultural economics; 0510:Labor economics; 0501:Economics
Essays at the Intersection of Development and Education Economics,"Bau, Natalie Danielle","Nunn, Nathan; Khwaja, Asim; Avery, Christopher; Fryer, Roland",2015,Harvard University,Massachusetts,182,Economics,FALSE,Social sciences; Development economics; Education economics; Pakistan; School competition; Economics; 0501:Economics
Field Experiments in Behavioral and Public Economics,"Bhanot, Syon Pandya","Zeckhauser, Richard; Madrian, Brigitte; Norton, Michael I.",2015,Harvard University,Massachusetts,204,Economics,FALSE,Social sciences; Psychology; Behavioral economics; Conservation; Economics; Emotion; Experimental economics; Promises; Public economics; Public policy; Social psychology; Water; Experimental psychology; 0501:Economics; 0623:Experimental psychology
Essays on the World Food Crisis: A Quantitative Economics Assessment of Policy Options,"Romero-Aguilar, Randall Stace","Miranda, Mario J.",2015,The Ohio State University,Ohio,111,Agricultural Economics,FALSE,Social sciences; Food security; Food storage; Hunger; Price volatility; Economic theory; Agricultural economics; Economics; 0503:Agricultural economics; 0511:Economic theory; 0501:Economics
Economic welfare of firefighting service in Detroit,"Jung, Matthias","Belzer, Michael H.",2015,Wayne State University,Michigan,122,Economics,FALSE,Social sciences; Allocative efficiency; Basic needs; Cost-benefit analysis; Equity; Welfare economics; Economics; 0501:Economics
Consumer perceptions and health insurance decisions,"Huang, Wei","Burgess, James F.",2015,Boston University,Massachusetts,227,Public health,FALSE,Social sciences; Health and environmental sciences; Behavioral economics; Consumer behavior; Consumer perceptions; Health economics; Health insurance; Health services research; Public health; Health care management; Economics; 0573:Public health; 0769:Health care management; 0501:Economics
Bio-Economic Analyses of Biofuel-Based Integrated Farm Drainage Management Systems on Marginal Land in a Salinity and Drainage Impacted Region: The Case of California's Central Valley,"Levers, Lucia Ruth","Schwabe, Kurt A.",2015,"University of California, Riverside",California,265,Agricultural Economics,FALSE,Social sciences; Bio-economics; Biofuel; Drainage; Marginal land; Environmental economics; Agricultural economics; 0503:Agricultural economics; 0438:Environmental economics
"Three Essays on Land Use, Land Management, and Land Values in the Agro-Ecosystem","Zhang, Wendong","Irwin, Elena G.",2015,The Ohio State University,Ohio,186,Agriculture,FALSE,Social sciences; Biological sciences; Earth sciences; Agri-environmental policy; Algal bloom; Ethanol; Farmland values; Hedonic price method; Housing market bust; Integrated ecological-economic model; Lake Erie; Nonpoint source pollution; Ohio; Propensity score matching; Spatial targeting; Structural model; Agriculture; Water Resource Management; Public policy; Sustainability; Environmental economics; Water resources management; Agricultural economics; Land use planning; Lakes; Agricultural runoff; Lake basins; Agricultural land; Housing; Phosphorus; Agricultural ecosystems; Environmental changes; Runoff; Urban agriculture; Water quality; Fertilizers; Aquatic ecosystems; Land appraisals; Land use; Land management; Agricultural policy; Environmental policy; Nutrients; Agricultural commodities; Farmers; Farms; Biofuels; Economics; 0473:Agriculture; 0503:Agricultural economics; 0630:Public policy; 0640:Sustainability; 0536:Land Use Planning; 0438:Environmental economics; 0595:Water Resources Management
Essays on natural resources and labor economics,"Hoque, Mohammad Mainul","Kling, Catherine L.; Orazem, Peter F.",2015,Iowa State University,Iowa,276,Labor Economics,FALSE,Social sciences; Labor economics; Environmental economics; Economics; 0510:Labor economics; 0501:Economics; 0438:Environmental economics
Essays in behavioral economics and taxation,"Goldin, Jacob","Farber, Henry S.; Lee, David S.",2015,Princeton University,New Jersey,184,Behavioral psychology,FALSE,Social sciences; Psychology; Behavioral economics; Law and economics; Public finance; Tax salience; Taxation; Behavioral psychology; Economics; 0384:Behavioral psychology
The Asian Rice Export Market: An Export Pricing Model That Examines the Impact of Commodities Market Speculation on Prices,"Canovatchel, Frank","Salvatore, Dominick",2015,Fordham University,New York,303,Agricultural Economics,FALSE,Social sciences; Export policies; Export prices; Rice; Speculation; Finance; Agricultural economics; Economics; 0503:Agricultural economics; 0501:Economics; 0508:Finance
Natural Resources and Spatial Spillovers,"Batbold, Dulguun","Roe, Terry",2015,University of Minnesota,Minnesota,84,Geography,FALSE,"Applied sciences; Social sciences; Bakken; Economic impact; Natural resources; Shale energy; Spatial spillovers; Tolgoi, Oyu; Geography; Energy; Labor economics; Economics; 0366:Geography; 0510:Labor economics; 0501:Economics; 0791:Energy"
Essays on Urban and International Economics,"Li, Jinyue","Kehoe, Timothy J.",2015,University of Minnesota,Minnesota,117,Economic Theory,FALSE,Social sciences; International economics; Urban economics; Finance; Economic theory; Economics; 0511:Economic theory; 0501:Economics; 0508:Finance
"The role of soils in production: Aggregation, separability, and yield decomposition in Kenyan agriculture","Pieralli, Simone","Chambers, Robert G.",2015,"University of Maryland, College Park",Maryland,163,Sub Saharan Africa Studies,FALSE,Pure sciences; Social sciences; Biological sciences; Inverse land size-yield relationship; Production economics; Productivity; Separability; Soil; Sub-saharan africa; Statistics; Soil sciences; Sub Saharan Africa studies; Economic theory; Agricultural economics; 0639:Sub Saharan Africa Studies; 0503:Agricultural economics; 0511:Economic theory; 0481:Soil sciences; 0463:Statistics
Essays in monetary economics and business cycles,"Cuba Borda, Pablo Alfredo","Aruoba, Boragan",2015,"University of Maryland, College Park",Maryland,205,Economics,FALSE,Social sciences; Business cycles; DSGE models; Dynamic stochastic general equilibrium; Great Recession; Monetary economics; Nonlinear methods; Slow recovery; Economics; 0501:Economics
Economic dynamics of movement: Envrionmental changes and spatial spillover,"Yun, Seong Do","Gramig, Benjamin M.; Florax, Raymond JGM",2015,Purdue University,Indiana,185,Agricultural Economics,FALSE,Social sciences; Climate change; Economic behavior; Economic method; Envrionmental changes; Spatial spillover; Weather extremes; Environmental economics; Agricultural economics; Economics; 0503:Agricultural economics; 0501:Economics; 0438:Environmental economics
Essays on Public Economics,"Elias Moreno, Ferran","Kopczuk, Wojciech; MacLeod, William Bentley",2015,Columbia University,New York,220,Economics,FALSE,Social sciences; Labor economics; Political economy; Public economics; Economics; 0501:Economics
Essays on information disclosure policies and private provision of public goods,"Li, Yuanhao","van 't Veld, Klaas; Shogren, Jason",2015,University of Wyoming,Wyoming,105,Behavioral Sciences,FALSE,Social sciences; Psychology; Eco-labeling; Environmental economics; Experimental economics; Information disclosure policy; Public good provision; Behavioral sciences; Economics; 0602:Behavioral Sciences; 0501:Economics; 0438:Environmental economics
"Forage grass-legume mixture for improved forage yield, forage quality, stand persistence, soil properties, and economics","Dhakal, Dhruba","Islam, M. Anowarul",2015,University of Wyoming,Wyoming,245,Agricultural Economics,FALSE,Social sciences; Biological sciences; Carbon; Forage; Grass-legume mixture; Nitrogen; Soil microbes; Agronomy; Soil sciences; Agricultural economics; Fertilizers; Organic matter; Dry matter; Organic carbon; Community structure; Grasses; Alfalfa; Meadows; Monoculture; Soil organic matter; Seeding; Soil properties; Urea; Spring; Economics; 0503:Agricultural economics; 0481:Soil sciences; 0285:Agronomy
Essays on Technology and the Environment from an International Perspective,"Barrows, Geoffrey Masters","Zilberman, David",2015,"University of California, Berkeley",California,134,Agricultural Economics,FALSE,Social sciences; Heterogeneous firms; Product mix; Technology adoption; Trade and the environment; Environmental economics; Agricultural economics; Economics; 0503:Agricultural economics; 0501:Economics; 0438:Environmental economics
Modeling Adaptive Economic Agents with PID Controllers,"Carrella, Ernesto","Axtell, Robert",2015,George Mason University,Virginia,125,Economic Theory,FALSE,Pure sciences; Social sciences; Applied sciences; Agent-based models; Economic simulations; Macro-economics; Micro-economics; Proportional integral derivative controllers; Statistics; Computer science; Economic theory; Economics; 0511:Economic theory; 0501:Economics; 0463:Statistics; 0984:Computer science
Essays on Optimal Policy without Commitment,"Pei, Yun","Chari, Varadarajan V.",2015,University of Minnesota,Minnesota,115,Economic Theory,FALSE,Social sciences; Commitment; Financial friction; Fiscal policy; Sovereign default; Time consistency; Unemployment insurance; Commerce-Business; Labor economics; Economic theory; Business to business commerce; Economics; 0511:Economic theory; 0505:Commerce-Business; 0510:Labor economics; 0501:Economics
International market power in oil and strategic responses to climate policy,"Aljihrish, Khalid","Balistreri, Edward J.",2015,Colorado School of Mines,Colorado,130,Economics,FALSE,Social sciences; Carbon leakage; Climate policy; Energy economics; General equilibrium; Market power; Oil; Scandinavian studies; Economics; 0501:Economics; 0613:Scandinavian Studies
The Economic Effects of Licensure of Dietitians and Nutritionists and Social Workers,"Wolchik, Katharine C.","Thornton, Robert J.; Meyerhoefer, Chad D.",2015,Lehigh University,Pennsylvania,241,Labor Economics,FALSE,Social sciences; Dietitians and nutritionists; Health economics; Labor economics; Licensure; Occupational regulation; Social workers; Economics; 0510:Labor economics; 0501:Economics
Essays in the Political Economy of Natural Resource Booms,"Zambrano, Stanislao Humberto Maldonado","Sadoulet, Elisabeth",2015,"University of California, Berkeley",California,179,Agricultural Economics,FALSE,Social sciences; Development economics; Natural resources; Political economics; Agricultural economics; Economics; 0503:Agricultural economics; 0501:Economics
Emerging Issues in Fisheries Management: An Intersection of Institutional and Resource Economics,"Tokunaga, Kanae","Roumasset, James",2015,University of Hawai'i at Manoa,Hawaii,114,Aquatic sciences,FALSE,Social sciences; Biological sciences; Bioeconomic modeling; Fisheries economics; Insitiutional economics; Natural resource and environmental economics; Aquatic sciences; Environmental economics; Economics; 0792:Aquatic sciences; 0501:Economics; 0438:Environmental economics
Evaluating conservation agriculture production systems for smallholder subsistence farmers in the hill region of Nepal,"Paudel, Bikash","Chan, Catherine",2015,University of Hawai'i at Manoa,Hawaii,251,Agriculture,FALSE,Social sciences; Biological sciences; Health and environmental sciences; Conservation agriculture; Crop yield; Economic potential; Hill region; Nepal; Social network analysis; Agriculture; South Asian studies; Natural resource management; Environmental economics; Agricultural economics; Subsistence agriculture; Agricultural practices; Clean technology; Crop rotation; Intercropping; Small farms; Agricultural conservation; Tillage; Food security; Natural resources; Access to information; Soil quality; Soil degradation; Corn; Soil conservation; Agricultural production; Technology transfer; Farmers; Millet; Cover crops; Economics; 0473:Agriculture; 0503:Agricultural economics; 0438:Environmental economics; 0638:South Asian Studies; 0528:Natural Resource Management
Economic and Environmental Modeling of an Agricultural Watershed in the Mississippi Delta: Crop Selection Using an LP Model and Water Quality Impacts of Bioenergy Crops Using the AnnaAGNPS Model,"Wright, Rodney Eugene","Bouldin, Jennifer L.",2015,Arkansas State University,Arkansas,367,Agriculture,FALSE,Biological sciences; Social sciences; Health and environmental sciences; Agricultural watershed; Agriculture economics; Annagnps model; Bioenergy crops; Lp model; Water quality; Agriculture; Environmental science; Agricultural economics; Agricultural runoff; Environmental modeling; Agricultural practices; Energy crops; Sorghum; Alfalfa; Nutrient loading; Tillage; Ethanol; Nonpoint source pollution; Agricultural watersheds; Renewable fuels; Vegetables; Nutrient loss; Corn; Soybeans; Biofuels; Cover crops; Economics; 0473:Agriculture; 0503:Agricultural economics; 0768:Environmental science
"Modeling, empirics and policy implications of firm heterogeneity in international trade","Akgul, Zeynep","Villoria, Nelson B.; Hertel, Thomas W.",2015,Purdue University,Indiana,172,Agricultural Economics,FALSE,Social sciences; Average productivity; Computable general equilibrium; Elasticity of substitution; Extensive margin; Firm heterogeneity; International trade; Agricultural economics; Economics; 0503:Agricultural economics; 0501:Economics
Three Essays on the Deregulation Policy and Competition in Nigeria's Telecom Industry,"Dieli, Onochie J.","Kato, Mika",2015,Howard University,District of Columbia,178,Economic Theory,FALSE,Social sciences; Applied econometrics; Development economics; Industrial organization; International economics; Commerce-Business; Economic theory; Business to business commerce; Economics; 0511:Economic theory; 0505:Commerce-Business; 0501:Economics
The Role of Futures Markets for the Design and Performance of Incentive Based Environmental Policy A Study of the Sulfur Financial Instrument and European Union Allowance,"Lewis, Daniel A.","Manfredo, Mark R.; Smith, V. Kerry",2015,Arizona State University,Arizona,221,Economics,FALSE,Social sciences; EU carbon dioxide; Emission control; Futures market; US sulfur dioxide; Environmental economics; Economics; 0501:Economics; 0438:Environmental economics
Three essays on family economics,"Mai, Hui","Kim, Seik; Heath, Rachel",2015,University of Washington,Washington,136,Labor Economics,FALSE,Social sciences; Health and environmental sciences; Family relocation; Maternal health; Risky behavior; School mobility; Sibling fixed effects; Home economics; Labor economics; 0510:Labor economics; 0386:Home economics
Effects of behavioral and environmental factors on infant health,"Cil, Gulcan","Cameron, Trudy",2015,University of Oregon,Oregon,137,Economics,TRUE,Social sciences; Birth outcomes; Fracking; Heat waves; Infant health; Posted alcohol warnings; Prenatal alcohol exposure; Environmental economics; Economics; 0501:Economics; 0438:Environmental economics
"Environmental policy, greenhouse gas polluting inputs, and lifecycle analysis","Liu, Boying","Shumway, C.Richard; Espinola-Arredondo, Ana",2015,Washington State University,Washington,151,Agricultural Economics,FALSE,Social sciences; Agricultural production; Biofuel production; Environmental policy; Greenhouse gases; Lifecyle analysis; Environmental economics; Agricultural economics; Economics; 0503:Agricultural economics; 0501:Economics; 0438:Environmental economics
Essays in Applied Microeconomics,"Soldani, Emilia","Fernandez, Raquel",2015,New York University,New York,147,Labor Economics,FALSE,Social sciences; Childcare; Development economics; Female labor supply; Ghana; Price information; Rural markets; Labor economics; Economics; 0510:Labor economics; 0501:Economics
Three essays in economics,"Fraiberger, Samuel Paul","Gabaix, Xavier; Lizzeri, Alessandro",2015,New York University,New York,174,Economics,FALSE,Social sciences; Behavioral economics; Finance; Industrial organization; Interest rates; Economics; 0501:Economics
Essays on development economics and industrial organization,"Young, Nathaniel","Mookherjee, Dilip",2015,Boston University,Massachusetts,155,Labor Economics,FALSE,Social sciences; Bank branches; Developing countries; Economic growth; Industrial organization; Labor economics; Labor relations; Economics; 0510:Labor economics; 0501:Economics; 0629:Labor relations
Ecological regionalism: A synthesis of ecological economics and organicist regionalism,"Wagner, Richard Thomas","Forstater, Mathew",2015,University of Missouri - Kansas City,Missouri,232,Economics,FALSE,"Social sciences; Ecological economics; Institutionalism; Mumford, Lewis; Regional sustainability; Regionalism; Sustainability; Environmental economics; Economics; 0501:Economics; 0438:Environmental economics"
Three Essays with Spatial Considerations in Natural Resource and Development Economics,"Hochard, Jacob","Barbier, Edward; Finnoff, David",2015,University of Wyoming,Wyoming,154,Economics,TRUE,Social sciences; Development economics; Economic inequality; Natural resource management; Poverty; Wildlife management; Environmental economics; Economics; 0501:Economics; 0438:Environmental economics
Modeling economies and ecosystems in general equilibrium,"Woollacott, Jared","Sue Wing, Ian J.",2015,Boston University,Massachusetts,193,Ecology,FALSE,Social sciences; Biological sciences; Bioeconomics; Ecosystem modeling; Electricity; Food web; General equilibrium; Pollution abatement; Ecology; Environmental economics; Economics; 0329:Ecology; 0501:Economics; 0438:Environmental economics
Earnings risk and the U.S. housing market,"Oberg, Phillip Michael","Drewianka, Scott",2015,The University of Wisconsin - Milwaukee,Wisconsin,121,Labor Economics,TRUE,Social sciences; Asymmetric information; Business cycle; Discrimination; Earnings instability; Family structure; Homeownership; Inequality; Mortgage market; Labor economics; Economics; 0510:Labor economics; 0501:Economics
"Essays in matching, auctions, and evolution","Zhang, Hanzhe","Reny, Philip J.; Becker, Gary S.",2015,The University of Chicago,Illinois,226,Economic Theory,FALSE,Social sciences; Auctions; Evolutionary economics; Marriage market; Posted prices; Premarital investments; Economic theory; Economics; 0511:Economic theory; 0501:Economics
"Towards Reaching Sustainable Urban Development in the Kathmandu Valley of Nepal: An Economic Analysis of Solid Waste Management, Recycling, and the Health Impacts of Air Pollution","Karki, Menuka","Bohara, Alok K.; Thacher, Jennifer A.",2015,The University of New Mexico,New Mexico,226,Economic Theory,FALSE,Social sciences; Choice experiment; Kathmandu nepal; Outdoor air pollution; Recycling; Solid waste management; Willingness to pay; Environmental economics; Economic theory; Economics; 0511:Economic theory; 0501:Economics; 0438:Environmental economics
Worker and Firm Responses to Environmental Policies,"Gibson, Matthew","Cullen, Julie B.; Jacobsen, Mark R.",2015,"University of California, San Diego",California,188,Public policy,FALSE,Social sciences; Clean air act; Congestion pricing; Pollution; Road pricing; Sleep; Wages; Public policy; Environmental economics; Economics; 0630:Public policy; 0501:Economics; 0438:Environmental economics
"Electricity markets: Price risk, policies, and pollution","Werner, Daniel Patrick","Houde, Sebastien",2015,"University of Maryland, College Park",Maryland,146,Agricultural Economics,FALSE,Social sciences; Economics; Electricity; Markets; Price volatiltiy; Renewable portfolio standards; Risk; Commerce-Business; Finance; Environmental economics; Economic theory; Agricultural economics; Business to business commerce; 0503:Agricultural economics; 0511:Economic theory; 0505:Commerce-Business; 0438:Environmental economics; 0508:Finance
Fade in: Exploring the effects of technological change on consumers and firm revenues in home entertainment markets for film,"Axarlian, Gabriel Pablo","Singh, Nirvikar",2015,"University of California, Santa Cruz",California,135,Economic Theory,FALSE,Social sciences; Applied economics; Discrete choice model; Economics; Home entertainment industry; Media economics; Microeconomics; Commerce-Business; Marketing; Economic theory; Business to business commerce; 0511:Economic theory; 0505:Commerce-Business; 0338:Marketing
Estimating the Environmental Benefits of Gasoline Taxes and the Market Benefits of Hybrid Vehicles,"Langford, Richard Peter","Berry, Steven T.",2015,Yale University,Connecticut,70,Economics,FALSE,Social sciences; Carbon Emissions; Energy Regulation; Gasoline; Hybrid; Vehicle Choice; Vehicle Usage; Environmental economics; Economics; 0501:Economics; 0438:Environmental economics
Essays in Crime and Behavior,"Porter, Andrew Joseph","Bitler, Marianne",2015,"University of California, Irvine",California,168,Criminology,FALSE,Social sciences; Behavioral economics; Labor economics; Law and economics; Public economics; Criminology; Economics; 0627:Criminology; 0501:Economics
Three essays in applied microeconomics,"Steiner, Christopher Paul","Carson, Richard T.",2015,"University of California, San Diego",California,179,Economics,FALSE,Social sciences; Acetaldehyde pollution; Commercial passenger fishing vessels; Fisheries; Higher education; Willingness to pay; Environmental economics; Economics; 0501:Economics; 0438:Environmental economics
Experimental Evidence of Behavioral Responses to Uncertainty,"Brownback, Andrew Paul","Andreoni, James R.",2015,"University of California, San Diego",California,170,Economics,FALSE,Social sciences; Auctions; Behavioral economics; Contests; Education; Experimental economics; Self-deception; Economics; 0501:Economics
Essays on macro and monetary economics,"Han, Han","Wright, Randall",2015,The University of Wisconsin - Madison,Wisconsin,49,Economics,FALSE,Social sciences; Macroeconomics; Monetary economics; Quantitative easing; Finance; Economics; 0501:Economics; 0508:Finance
Three essays on racial wage differentials in South Africa,"Pupwe, Ochas Kashinge","Huang, Wei-Chiao",2015,Western Michigan University,Michigan,125,Demography,TRUE,Social sciences; Discrimination; South africa; Stochastic; Wage gaps; Ethnic studies; Demography; Economic theory; Economics; South African studies; 0938:Demography; 0511:Economic theory; 0510:Labor economics; 0501:Economics; 0654:South African Studies; 0631:Ethnic studies
Three essays on panel data estimation,"Houser, Alexander","Mukherjee, Debasri",2015,Western Michigan University,Michigan,68,Economic Theory,FALSE,Social sciences; Econometrics; Panel data; Partially-linear-model; Labor economics; Economic theory; Economics; 0511:Economic theory; 0510:Labor economics; 0501:Economics
"Three essays on labor markets, regulations and immigration in developing economies","Mossaad, Nadwa","Gindling, Tim",2015,"University of Maryland, Baltimore County",Maryland,217,Public policy,FALSE,Social sciences; Circular migration; Impact evaluation; Non-compliance; Regression discontinuity; Regulations; Self-employment earnings differentials; Public policy; Labor economics; Economics; 0630:Public policy; 0510:Labor economics; 0501:Economics
Polycentric Governance: A Theoretical and Empirical Exploration,"Tarko, Vlad","Boettke, Peter J.",2015,George Mason University,Virginia,142,Economics,FALSE,Social sciences; Corporate social responsibility; Economics of science; Federalism; Institutional economics; Management; Political science; Economics; 0501:Economics; 0615:Political science
Advancing an integrated food energy system (IFES) in Haiti: Applying resiliency and sustainability models in ecologically degraded environments,"Beckford, Fitzroy Barrington","Parajuli, Pramod",2015,Prescott College,Arizona,318,Environmental Justice,TRUE,Social sciences; Applied sciences; Earth sciences; Anthroposols; Biochar; Cumulative causation; Haitiism; Political ecology; Restorative anthropedogenesis; Biogeochemistry; Systems science; Environmental justice; Ecological economics; Poverty; Environmental degradation; Charcoal; Soil horizons; Biogeochemical cycles; Ecosystem services; Literature reviews; Global economy; Mixed methods research; Economics; 0619:Environmental Justice; 0790:Systems science; 0425:Biogeochemistry
"Mexican migration to the United States, 1920 to 1965: Guest workers, selection, and economic development in Mexico","Kosack, Edward L.","Carlos, Ann; Cadena, Brian",2015,University of Colorado at Boulder,Colorado,147,Latin American history,FALSE,Social sciences; Development; Guest workers; Human capital; Mexico; Migration; Selection; Latin American history; Economics; Economic history; 0336:Latin American history; 0510:Labor economics; 0509:Economic history
Three essays in applied economics,"Smith, Austin C.","Cadena, Brian; Hughes, Jonathan",2015,University of Colorado at Boulder,Colorado,114,Economic Theory,FALSE,Social sciences; Applied economics; Incentives for workers; Policy evaluation; Labor economics; Economic theory; 0511:Economic theory; 0510:Labor economics
Two essays of other-regarding preferences' influence on social decision making,"Jang, Dooseok","Stegeman, Mark",2015,The University of Arizona,Arizona,116,Economic Theory,TRUE,Social sciences; Bahavioral economics; Distribution; Inequality aversion; Negotiation; Participation game; Reciprocity; Labor economics; Economic theory; Economics; 0511:Economic theory; 0510:Labor economics; 0501:Economics
Essays on Intergenerational Transfers,"Fahle, Sean Patrick","McGarry, Kathleen M.",2015,"University of California, Los Angeles",California,173,Health care management,FALSE,Social sciences; Health and environmental sciences; Bequests; Intergenerational transfers; Long-term care; Public policy; Health care management; Labor economics; Economics; 0769:Health care management; 0630:Public policy; 0510:Labor economics; 0501:Economics
Essays in Growth and Development,"Sinha, Rishabh","Herrendorf, Berthold; Schoellman, Todd",2015,Arizona State University,Arizona,167,Labor Economics,TRUE,Social sciences; Caste-based discrimination; Financial frictions; Intergenerational mobility; Labor productivity; Misallocation of talent; Occupational mobility; Labor economics; Economics; 0510:Labor economics; 0501:Economics
Governing Uncertainty Financial Policies for Risk,"Teh, Tse-Ling","Heal, Geoffrey",2015,Columbia University,New York,194,Economic Theory,FALSE,Social sciences; Indices; Insurance; Natural disasters; Rare risks; Uncertainty; Welfare; Environmental economics; Economic theory; Economics; 0511:Economic theory; 0501:Economics; 0438:Environmental economics
Dynamic Models of Human Capital Investment,"Ashworth, Jared","Hotz, V. Joseph",2015,Duke University,North Carolina,146,Labor Economics,FALSE,Social sciences; Dynamic; Human capital; Occupational search; Structural; Labor economics; Economics; 0510:Labor economics; 0501:Economics
Essays in applied microeconomics,"Sandor, Laszlo","Chetty, Raj",2015,Harvard University,Massachusetts,144,Economics,FALSE,Social sciences; Intertemporal choice; Labor economics; Prosocial behavior; Public economics; Unemployment insurance; Economics; 0501:Economics
Dynamic Models of Human Capital Accumulation,"Ransom, Tyler","Arcidiacono, Peter",2015,Duke University,North Carolina,233,Labor Economics,FALSE,Social sciences; Bayesian learning; Dynamic discrete choice; Human capital; Labor economics; Migration; Urban economics; Economics; 0510:Labor economics; 0501:Economics
"Institutional and Regulatory Economics of Electricity Market Reforms: the Evidence from India, Pakistan, Bangladesh, Nepal, and Sri Lanka","Singh, Bipulendu","Brock, Gerald",2015,The George Washington University,District of Columbia,319,Economics,FALSE,Social sciences; Applied sciences; Electricity market reforms; Energy economics; New institutional economics; Privatization; Regulation; South asia; Energy; South Asian studies; Economics; 0501:Economics; 0791:Energy; 0638:South Asian Studies
"Essays on Agricultural Production, Risk, and Productivity","Rao, Xudong","Pardey, Philip G.; Hurley, Terrance M.",2015,University of Minnesota,Minnesota,158,Agricultural Economics,FALSE,Social sciences; Agricultural production; Efficiency and productivity; Food and agricultural policy; International development; Risk and uncertainty; Agricultural economics; Economics; 0503:Agricultural economics; 0501:Economics
"Three essays on household inequality, bargaining and child custody","Nguyen, Dung Kieu","Marschke, Gerald",2015,State University of New York at Albany,New York,176,Labor Economics,TRUE,Social sciences; Child custody; Household bargaining; Household inequality; Labor economics; Economics; 0510:Labor economics; 0501:Economics
